LocationName,Address1,Address2,Locality,Region,PostalCode,CountryCode,PhoneNumber,Email,Longitude,Latitude,Phone2,Website,Division,IsOpen,NewPicker
"Alden, Michael H Esq",87 Pownall Sq,,Sawston,Cambridgeshire,CB22 3BB,GB,01709-854691,jenise.dulle@hotmail.com,,,01572-193368,http://www.aldenmichaelhesq.co.uk,Corporate,1,
Ernest E Heuer & Company Pc,39 Wye St,,Wakefield North Ward,West Yorkshire,WF1 1DR,GB,01609-882184,marylin_cornelison@yahoo.com,,,01295-331807,http://www.ernesteheuercompanypc.co.uk,Corporate,0,
"Frankel, Stephen",2732 Bostock St #1,,St. Enoder,Cornwall,TR9 6NJ,GB,01693-310794,mgunst@yahoo.com,,,01512-975244,http://www.frankelstephen.co.uk,Corporate,1,
Guynes Design Inc,5562 Fairfield St #847,,Ryde,Isle of Wight,PO33 1HH,GB,01891-702579,abunselmeyer@hotmail.com,,,01333-972244,http://www.guynesdesigninc.co.uk,Corporate,1,
General Appraisal Co,37 Meadow St,,Laindon Park Ward,Essex,SS15 6LE,GB,01850-347846,kip.turziano@yahoo.com,,,01222-164469,http://www.generalappraisalco.co.uk,Bicycle,0,
Sheraton Inn Ocean Front,3 Nevison St,,Lymington and Pennington,Hampshire,SO41 1DL,GB,01420-307327,melina@gmail.com,,,01245-559333,http://www.sheratoninnoceanfront.co.uk,Bicycle,0,
Cooper Myers Y Co,5662 William Moult St,,Aylesbury,Buckinghamshire,HP21 8PP,GB,01567-296442,tclapham@gmail.com,,,01493-245349,http://www.coopermyersyco.co.uk,Bicycle,1,
Cash 4 Checks,3 North View #35,,Burmantofts and Richmond Hill ,West Yorkshire,LS9 7JH,GB,01607-269930,ldevereux@gmail.com,,,01334-807355,http://www.cashchecks.co.uk,Automotive,1,
Charlotte Chamber,135 Opie St,,Howard Town Ward,Derbyshire,SK13 8BB,GB,01386-981141,paschoff@yahoo.com,,,01823-517315,http://www.charlottechamber.co.uk,Corporate,1,
Kisc 98 Kiss Fm,1 Askew St,,Farnham,Surrey,GU9 9AS,GB,01260-641258,carrol_kunimitsu@yahoo.com,,,01415-364461,http://www.kisckissfm.co.uk,Bicycle,0,
