LocationName,Address1,Address2,Locality,Region,PostalCode,CountryCode,PhoneNumber,Email,Longitude,Latitude
"Riebesell, H F Jr",2335 Canton Hwy #6,,Windsor,ON,N8N 3N2,CA,519-569-8399,francoise.rautenstrauch@rautenstrauch.com,,
Deloitte & Touche,6 Arch St #9757,,Alcida,NB,E8J 2C4,CA,506-363-1526,kloud@gmail.com,,
Oklahoma Neon Inc,9547 Belmont Rd #21,,Belleville,ON,K8P 1B3,CA,613-903-7043,lourdes_bauswell@aol.com,,
M B A Paint Stores,73 Pittsford Victor Rd,,Vancouver,BC,V5Z 3K2,CA,604-334-3686,hannah@yahoo.com,,
Sheraton Shreveport Hotel,447 Commercial St Se,,LIle-Perrot,QC,J7V 4T4,CA,514-487-6096,tom.loeza@gmail.com,,
Goeman Wood Products Inc,47 Garfield Ave,,Swift Current,SK,S9H 4V2,CA,306-421-5793,queenie.kramarczyk@kramarczyk.org,,
A Storage Inn Of Gloucester,3 Mill Rd,,Baker Brook,NB,E7A 1T3,CA,506-827-7755,hui_portaro@cox.net,,
Norman Gale Isuzu,136 W Grand Ave #3,,Delhi,ON,N4B 1C4,CA,519-788-7645,josefa.opitz@opitz.org,,
"James, Christopher Esq",80 Maplewood Dr #34,,Bradford,ON,L3Z 2S4,CA,905-618-8258,lsteinhaus@cox.net,,
Congress Title,58 Hancock St,,Aurora,ON,L4G 2J7,CA,905-456-1117,paola_vielma@aol.com,,
Batavia Chamber Of Commerce,808 Calle De Industrias,,New Waterford,NS,B1H 1Z4,CA,902-256-6791,hbresser@aol.com,,
Stephenson Land Surveying,2859 Dorsett Rd,,North York,ON,M9L 2T9,CA,416-719-2114,leanna@cox.net,,
Harry L Adams Incorporated,6857 Wall St,,Red Deer,AB,T4R 2H5,CA,403-212-4945,danilo_pride@hotmail.com,,
Southern Idaho Pipe & Stl Corp,169 Journal Sq,,Edmonton,AB,T5P 1G9,CA,780-639-3619,huey.marcille@gmail.com,,
Kitchen People,3 E 31st St #77,,Fredericton,NB,E3G 0A3,CA,506-978-1488,apolonia@gmail.com,,
Meredith Realty Group Inc,7 N Dean St,,Etobicoke,ON,M8Z 3P6,CA,416-716-6446,chandra.lagos@lagos.org,,
Cgi Systems Inc,85 S State St,,Barrie,ON,L4N 6T7,CA,705-477-2307,crissy@aol.com,,
All Brevard Cert Apprsls Inc,100 Main St,,Calgary,AB,T2K 4X5,CA,403-337-7162,gianna@aol.com,,
General Color Co Inc,6185 Bohn St #72,,Pangman,SK,S0C 2C0,CA,306-291-5073,vbilla@yahoo.com,,
Adams Balcom & Larose Pc,2 Sutton Pl S #5727,,Rouyn-Noranda,QC,J9X 3V4,CA,819-536-7034,idudash@dudash.com,,
Mershon Metal Specialties Inc,1534 Sidco Dr,,Leduc,AB,T9E 5A6,CA,780-384-5410,wlablanc@yahoo.com,,
"Judy, Henry L Esq",4207 Leon Rd,,North Vancouver,BC,V7L 3X6,CA,604-236-4625,lauryn@yahoo.com,,
"Barry, Anthony S Esq",7564 N Academy Ave,,London,ON,N6A 1S5,CA,519-790-8660,laurena.begin@begin.com,,
"Thurman, William T Esq",88 E Saint Elmo Rd,,Hamilton,ON,L8R 3J3,CA,905-652-4509,elise@gmail.com,,
"Lynch, Steven J Esq",75 Westchester Ave,,Pierrefonds,QC,H9J 1W6,CA,514-203-7817,corrie_kardell@aol.com,,
"Carey, Paul D Esq",89 W 35th St #1,,Windsor,ON,N8S 3R1,CA,519-912-5533,kimberely.rabuse@cox.net,,
Electro Arc Manufacturing Co,1 Norris Ave #4095,,Laval,QC,H7W 5K7,CA,450-840-7605,tish.violett@violett.com,,
Feehan Plumbing & Heating,5174 Interstate 45 N,,Yellowhead County,AB,T7E 3A7,CA,780-574-5620,hollis.stanfield@aol.com,,
Easton Cooperative Bank,765 Rock Island Rd,,Strathroy,ON,N7G 3K6,CA,519-872-6826,andree.christmann@cox.net,,
Hambro Forest Products Inc,7979 33  191,,North River,NS,B6L 6N1,CA,902-844-1174,lyla_fucillo@cox.net,,
"Penkava, Robert Md",202 Madison Ave,,Ottawa,ON,K1Y 1M2,CA,613-749-1169,felton.yafuso@gmail.com,,
Saint John Neumann Nurse Home,56 Corporate Dr,,Becancour,QC,G9H 1H7,CA,819-255-1725,dell_polino@polino.com,,
"Bohne, Karl W Jr",37 Us Highway 12e E #6,,Sault Ste. Marie,ON,P6C 2C8,CA,705-838-9265,nohemi@aol.com,,
"Moore, Albert F Esq",6734 W Jackson Blvd,,Salmon Arm,BC,V1E 4G9,CA,250-353-7479,tlembke@lembke.org,,
George Bigham & Associates,7 Tomahawk Dr,,Richmond,BC,V7A 3N1,CA,604-231-6180,vicki@gmail.com,,
Super 8 Motel,1 Vernon Blvd,,Calgary,AB,T2A 2H9,CA,403-444-2250,renato_airhart@hotmail.com,,
"Ball, David S",2726 Franklin Hill Rd,,Vernon,BC,V1T 7V8,CA,250-749-4517,lenita@yahoo.com,,
Fox Vision Center,6335 Fort Myer Dr,,Saint-Hyacinthe,QC,J2S 2N3,CA,450-526-5424,barney@yahoo.com,,
Livingston & Schneider Pc,220 Old Us Highway 441,,Peterborough,ON,K9H 6C3,CA,705-417-7221,matthew_armacost@gmail.com,,
A Peter Howell Pc,77 Central Pky N,,Quesnel,BC,V2J 1N4,CA,250-768-5812,bnelton@gmail.com,,
Honker Cut Marine,781 Alabama Ave,,Etobicoke,ON,M8Z 2C1,CA,416-989-2001,iesha@gmail.com,,
Gabriel & Associates,22 Dearborn St,,Regina,SK,S4T 4B1,CA,306-524-4509,francesco@hotmail.com,,
Beck Corporation,21 E 64th Ave,,Matane,QC,G4W 3G6,CA,418-348-2107,paulene_rhule@rhule.org,,
"Kolodny, Howard Esq",9 N Central Ave,,Abbotsford,BC,V2S 5R3,CA,604-262-8556,carole_hughlett@hughlett.com,,
Mcgladrey & Pullen,38 Douglas Rd E #39,,Regina,SK,S4R 1J5,CA,306-508-8874,mdunning@gmail.com,,
Y 105 Kgfy,4929 Sidney St #8276,,Vernon,BC,V1T 4A3,CA,250-454-9384,elfrieda_hinsch@hinsch.org,,
Chagrin Wine & Beverage Co,4936 Walcott Rd,,Regina,SK,S4R 3M1,CA,306-611-7185,edelmira@hotmail.com,,
"Lewis, George L Esq",6760 E Fayette St #9,,Saint-Damien,QC,J0K 2N1,CA,450-531-8633,jaime_wasurick@hotmail.com,,
York Services Landscpg Divsn,6638 S Webster St #491,,Miramichi,NB,E1V 2N4,CA,506-556-4300,lhua@aol.com,,
Janney Montgomery Scott Inc,4465 James St,,Kitchener,ON,N2N 1Y6,CA,519-920-7003,jmastro@aol.com,,
Global Securities Info Inc,8721 Everett Rd,,Mississauga,ON,L4Z 2V7,CA,905-864-2257,jhailstone@yahoo.com,,
Dealers Mfg Co,6 E Kingsbridge Rd,,Stoneham-Et-Tewkesbury,QC,G3C 2A8,CA,418-568-3216,louis@zarling.com,,
"Yaffa, Michael Esq",920 Union Blvd,,Sault Ste. Marie,ON,P6B 5Y2,CA,705-581-1220,emmett_mcshaw@cox.net,,
Photos Inc,5 Secaucus Rd,,Nanaimo,BC,V9R 5W6,CA,250-226-1002,tammy_sams@sams.com,,
Acquired Knowledge Inc,646 9th St,,Saint-Raymond,QC,G3L 3X9,CA,418-833-1949,willis@yahoo.com,,
B Js Body Shop,864 Aupuni St,,St Catharines,ON,L2T 2V2,CA,905-569-6732,mbrzozowski@aol.com,,
Emlou Boutique,9390 Fortin Dr,,Quebec,QC,G1M 2H8,CA,418-459-4884,boris.latif@latif.com,,
Schiller & Osbourn,4 Newark St,,Arnprior,ON,K7S 2G8,CA,613-280-7170,salina.knavel@gmail.com,,
Superior Coffee & Foods,8 J St,,Vernon,BC,V1T 6J8,CA,250-982-9377,justa.dini@hotmail.com,,
"Knutson, Becky S Esq",394 Dice Rd #861,,Windsor,ON,N8N 3V8,CA,519-219-3608,amalia_wolfgang@wolfgang.org,,
Corinth Dry Cleaners,92 W 39th St #9990,,London,ON,N6G 3E5,CA,519-426-7161,ftutterrow@tutterrow.org,,
Graphic Color Litho Inc,9 N Monroe St,,Lloydminster,SK,S9V 0C6,CA,306-979-2571,eura@mcglocklin.org,,
Hill Realty Property Mgmt,2 Global Rd,,Cambridge,ON,N1R 2X2,CA,519-985-7311,lang@cox.net,,
"Thrasher, John E Esq",23 E Wacker Dr #64,,Becancour,QC,G9H 4T4,CA,819-365-5394,agustin.lakatos@hotmail.com,,
Sams Liquor & Deli,1 Nw 167th St,,Winnipeg,MB,R3J 2Z1,CA,204-438-6204,jaime.lowrance@lowrance.org,,
"Weiss, Martin Esq",1 Frontage Rd,,St. Johns,NL,A1B 5B3,CA,709-366-8943,carman@gmail.com,,
Medical Productions,5 Columbia,,North Vancouver,BC,V7J 2J9,CA,604-823-2881,argelia.hofbauer@cox.net,,
"Arellano, Cecilia S Md",14 E 30th St,,Montreal,QC,H1E 1R4,CA,514-205-4258,mammie@cox.net,,
World Sign Associates,8 Commercial Ave,,Carleton Place,ON,K7C 2T3,CA,613-697-2555,rashad.menino@menino.com,,
"Hastings, Robert R Jr",41 Drive  Hwy 54s S,,Vancouver,BC,V6N 3C5,CA,604-575-7837,janna@bastain.com,,
"Shields, Sheridn Cpa",6601 Park Ave #9924,,Mississauga,ON,L4T 0A1,CA,905-465-6909,callie.neikirk@neikirk.org,,
Hepco Inc,4184 E 142nd St,,Toronto,ON,M5V 0B4,CA,416-589-6075,coral.helmcamp@helmcamp.org,,
Institute For Law & Jstc Inc,1 El Camino Ave #39,,Kingston,ON,K7K 1P6,CA,613-714-1829,xenia@aol.com,,
John J Mccarthy Agency Inc,10 Midway Dr,,Thorold,ON,L2V 5C7,CA,905-998-3758,anitcher@aol.com,,
Ocean State Rental Corp,2 Cottman Ave,,West Vancouver,BC,V7T 1R7,CA,604-960-7463,hwehrwein@gmail.com,,
"Scholtes, William E Esq",8926 E 119th St #9,,Lavaltrie,QC,J5T 2C7,CA,450-501-4406,psugai@gmail.com,,
"Caffrey, John F Esq",191 Richland St #5,,Quebec,QC,G1J 4B2,CA,418-271-8667,llafoy@aol.com,,
Janney Montgomery Scott Inc,8 E 92nd St,,Ajax,ON,L1S 6V3,CA,905-846-7737,darell_mcalarney@mcalarney.com,,
"Brown, Glenn Esq",283 Andover St,,Castlegar,BC,V1N 3P7,CA,250-307-7698,madonna.landman@landman.com,,
Weyerhaeuser Paper Co,764 Louisville Plac,,St. Johns,NL,A1E 2L8,CA,709-534-6576,chuck@gmail.com,,
Best Western Sterling House,59 W Jackson Blvd #11,,Lasalle,QC,H8R 3T2,CA,514-302-4158,gepperheimer@aol.com,,
Database Programming & Design,712 N 5th St,,Grand Manan,NB,E5G 1L1,CA,506-493-4894,yan@cox.net,,
Brown Shoe Co,6 L St #1761,,Kanata,ON,K2T 1G5,CA,613-557-7338,stephanie.garlett@gmail.com,,
Dowell Associates Inc,6126 E 14th St #6,,St Catharines,ON,L2N 6C7,CA,905-435-9456,alberto_stenquist@stenquist.org,,
Ram Page,865 Ponce De Leon Blvd,,Chicoutimi,QC,G7H 6A2,CA,418-374-1965,wayne@aol.com,,
L A Kennedy Inc,896 Pershing Ave,,Paradise,NL,A1L 2Y8,CA,709-976-5766,kristal@hotmail.com,,
"Cornwell, Michael C Esq",178 Riverdale Rd,,Ingersoll,ON,N5C 2W2,CA,519-961-7871,fstadel@gmail.com,,
Metro Press,4 Pedretti Ave #2,,Saskatoon,SK,S7H 1X9,CA,306-748-5721,darrin@tumolillo.com,,
Ramsey Secretarial Service,4 W Sedgley Ave,,Otterburn Park,QC,J3H 4V8,CA,450-347-6388,freeman@yahoo.com,,
United Drilling Inc,31 E Middlefield Rd #8555,,Beloeil,QC,J3G 3J4,CA,450-356-6427,lazaro@gmail.com,,
Peyote Bird Designs,7662 Us Highway 46 #9003,,Napanee,ON,K7R 1K5,CA,613-862-4724,erieg@hotmail.com,,
Gittleman Muhlstock,1 Park Ave,,Newbridge,NB,E7N 1J4,CA,506-392-8334,brinda.mrkvicka@gmail.com,,
"Hoyt, Robert F Esq",2782 Midland Ave,,Dieppe,NB,E1A 8X6,CA,506-230-8075,florinda_mackedanz@mackedanz.org,,
Contact Enterprises,3 Federal Blvd,,Beloeil,QC,J3G 4M4,CA,450-353-2331,nadine_swartzbeck@swartzbeck.org,,
A All In One Construction,485 Rolling Rd,,Lasalle,QC,H8R 3C2,CA,514-459-6883,arlette_torchio@hotmail.com,,
Sas Rubber Inc,6605 Federal St,,Etobicoke,ON,M8Y 3L6,CA,416-736-1436,akrivanec@hotmail.com,,
Stewart Filmscreen Corp,505 E 9mile Rd,,Sainte-Therese,QC,J7E 3C9,CA,450-409-1254,gcolbath@hotmail.com,,
"Freeman, Steven R Esq",32 Rocklyn Ave,,Milton,ON,L9T 5W8,CA,905-286-8285,rlehn@yahoo.com,,
"Holmes, Armstead J Esq",2953 5th Ave #27,,Saint-Raymond,QC,G3L 3K2,CA,418-922-5578,chi@gmail.com,,
Gs Roofing Company,133 Us Highway 206,,Chicoutimi,QC,G7H 4M5,CA,418-811-3750,sprothro@prothro.com,,
